{
  "graphify_corpus_objetos.txt": 1777077912.0667071,
  "objetos_de_conhecimento.pdf": 1777077902.511843
}